date,symbol,asset_name,price,volume,ma_7,daily_pct_change
2026-09-04,AAPL,Apple,319.97,39606900,,
2026-09-08,AAPL,Apple,316.22,35477100,,-1.172
2026-09-09,AAPL,Apple,315.34,65640000,,-0.2783
2026-09-10,AAPL,Apple,326.57,70011900,,3.5612
2026-09-11,AAPL,Apple,332.27,50716900,,1.7454
2026-09-14,AAPL,Apple,333.08,39269100,,0.2438
2026-09-15,AAPL,Apple,331.34,31748200,324.97,-0.5224
2026-09-16,AAPL,Apple,332.41,35981000,326.7471,0.3229
2026-09-17,AAPL,Apple,337.0,36700200,329.7157,1.3808
2026-09-18,AAPL,Apple,336.13,86588200,332.6857,-0.2582
2026-09-21,AAPL,Apple,338.98,34999200,334.4586,0.8479
2026-09-22,AAPL,Apple,339.75,40711800,335.5271,0.2271
2026-09-23,AAPL,Apple,337.02,31658800,336.09,-0.8035
2026-09-24,AAPL,Apple,335.92,24733100,336.7443,-0.3264
2026-09-25,AAPL,Apple,341.07,30002500,337.9814,1.5331
2026-09-28,AAPL,Apple,338.4,32820800,338.1814,-0.7828
2026-09-29,AAPL,Apple,329.4,38478000,337.22,-2.6596
2026-09-30,AAPL,Apple,333.02,49988600,336.3686,1.099
2026-10-01,AAPL,Apple,330.32,36306300,335.0214,-0.8108
2026-10-02,AAPL,Apple,333.69,33278600,334.5457,1.0202
2026-10-05,AAPL,Apple,332.89,34400900,334.1129,-0.2397
2026-10-06,AAPL,Apple,333.63,30449000,333.05,0.2223
2026-10-07,AAPL,Apple,336.67,34147900,332.8029,0.9112
2026-10-08,AAPL,Apple,340.42,35332400,334.3771,1.1139
2026-10-09,AAPL,Apple,336.64,37855000,334.8943,-1.1104
2026-09-10,BTC-USD,Bitcoin,76568.125,30120111719,78889.7087,-2.1613
2026-09-11,BTC-USD,Bitcoin,77173.7969,37410998193,78532.827,0.791
2026-09-12,BTC-USD,Bitcoin,77270.4688,12664765797,78168.0558,0.1253
2026-09-13,BTC-USD,Bitcoin,76838.1562,13607872549,77666.3571,-0.5595
2026-09-14,BTC-USD,Bitcoin,78163.3828,29909358382,77530.2902,1.7247
2026-09-15,BTC-USD,Bitcoin,75612.5078,39694675220,77126.5658,-3.2635
2026-09-16,BTC-USD,Bitcoin,76150.3203,30053315577,76825.2511,0.7113
2026-09-17,BTC-USD,Bitcoin,76403.7734,21917458567,76801.7723,0.3328
2026-09-18,BTC-USD,Bitcoin,80901.4609,40378562386,77334.2958,5.8867
2026-09-19,BTC-USD,Bitcoin,81233.6797,20505634866,77900.4688,0.4106
2026-09-20,BTC-USD,Bitcoin,81142.6094,21259753701,78515.3906,-0.1121
2026-09-21,BTC-USD,Bitcoin,86602.9141,57676223471,79721.0379,6.7293
2026-09-22,BTC-USD,Bitcoin,86172.2812,40800687783,81229.577,-0.4972
2026-09-23,BTC-USD,Bitcoin,84383.0078,46088463341,82405.6752,-2.0764
2026-09-24,BTC-USD,Bitcoin,84379.0625,37106744985,83545.0022,-0.0047
2026-09-25,BTC-USD,Bitcoin,84034.9219,34118533914,83992.6395,-0.4079
2026-09-26,BTC-USD,Bitcoin,84406.4531,15169336375,84445.8929,0.4421
2026-09-27,BTC-USD,Bitcoin,84458.0859,19386591468,84919.5324,0.0612
2026-09-28,BTC-USD,Bitcoin,83502.6094,42589028679,84476.6317,-1.1313
2026-09-29,BTC-USD,Bitcoin,83622.4297,28029782264,84112.3672,0.1435
2026-09-30,BTC-USD,Bitcoin,83553.8516,36290317874,83993.9163,-0.082
2026-10-01,BTC-USD,Bitcoin,84853.1016,32802609098,84061.6362,1.555
2026-10-02,BTC-USD,Bitcoin,84497.2109,46528418756,84127.6775,-0.4194
2026-10-03,BTC-USD,Bitcoin,84763.5781,12574826191,84178.6953,0.3152
2026-10-04,BTC-USD,Bitcoin,86480.3047,15031650242,84467.5837,2.0253
2026-10-05,BTC-USD,Bitcoin,85786.5938,30242651384,84793.8672,-0.8022
2026-10-06,BTC-USD,Bitcoin,85557.5625,25245965925,85070.3147,-0.267
2026-10-07,BTC-USD,Bitcoin,83275.9297,38737709051,85030.6116,-2.6668
2026-10-08,BTC-USD,Bitcoin,81676.3359,46221063868,84576.7879,-1.9208
2026-10-10,BTC-USD,Bitcoin,82610.8672,22273935360,84307.3103,1.1442
2026-09-10,ETH-USD,Ethereum,2437.0986,16781828594,2475.8963,-1.2086
2026-09-11,ETH-USD,Ethereum,2514.7339,27812010346,2484.2757,3.1856
2026-09-12,ETH-USD,Ethereum,2525.9446,8012825772,2490.7342,0.4458
2026-09-13,ETH-USD,Ethereum,2477.0208,9643847552,2485.373,-1.9369
2026-09-14,ETH-USD,Ethereum,2514.407,16009578199,2488.7229,1.5093
2026-09-15,ETH-USD,Ethereum,2399.0869,20275242052,2476.4579,-4.5864
2026-09-16,ETH-USD,Ethereum,2416.1199,15926017443,2469.2017,0.71
2026-09-17,ETH-USD,Ethereum,2447.1067,11698754081,2470.6314,1.2825
2026-09-18,ETH-USD,Ethereum,2611.3472,22570923683,2484.4333,6.7116
2026-09-19,ETH-USD,Ethereum,2631.9626,10007872025,2499.5787,0.7895
2026-09-20,ETH-USD,Ethereum,2642.9976,10759191352,2523.2897,0.4193
2026-09-21,ETH-USD,Ethereum,2776.4683,26510460373,2560.727,5.05
2026-09-22,ETH-USD,Ethereum,2752.6326,15430420481,2611.2335,-0.8585
2026-09-23,ETH-USD,Ethereum,2684.6919,17599121476,2649.601,-2.4682
2026-09-24,ETH-USD,Ethereum,2687.3015,14036435848,2683.9145,0.0972
2026-09-25,ETH-USD,Ethereum,2690.4756,13236986140,2695.2186,0.1181
2026-09-26,ETH-USD,Ethereum,2695.2131,5046145364,2704.2544,0.1761
2026-09-27,ETH-USD,Ethereum,2686.9268,8065975773,2710.53,-0.3074
2026-09-28,ETH-USD,Ethereum,2688.6687,16445787505,2697.9872,0.0648
2026-09-29,ETH-USD,Ethereum,2676.7222,15307430182,2687.1428,-0.4443
2026-09-30,ETH-USD,Ethereum,2683.6794,13840381650,2686.9982,0.2599
2026-10-01,ETH-USD,Ethereum,2705.5371,13744654267,2689.6033,0.8145
2026-10-02,ETH-USD,Ethereum,2668.1511,19705786593,2686.4141,-1.3818
2026-10-03,ETH-USD,Ethereum,2687.2554,4924223851,2685.2772,0.716
2026-10-04,ETH-USD,Ethereum,2726.509,5943841130,2690.9318,1.4607
2026-10-05,ETH-USD,Ethereum,2711.0315,12303844539,2694.1265,-0.5677
2026-10-06,ETH-USD,Ethereum,2697.5164,10986122667,2697.0971,-0.4985
2026-10-07,ETH-USD,Ethereum,2573.5273,20082324906,2681.3611,-4.5964
2026-10-08,ETH-USD,Ethereum,2471.9126,20081062061,2647.9862,-3.9485
2026-10-10,ETH-USD,Ethereum,2491.96,8070087680,2622.816,0.811
2026-09-04,GC=F,Gold Futures,4476.6001,189656,,
2026-09-08,GC=F,Gold Futures,4439.0,217162,,-0.8399
2026-09-09,GC=F,Gold Futures,4460.7002,164390,,0.4889
2026-09-10,GC=F,Gold Futures,4407.2998,201300,,-1.1971
2026-09-11,GC=F,Gold Futures,4408.8999,187975,,0.0363
2026-09-14,GC=F,Gold Futures,4351.8999,164499,,-1.2928
2026-09-15,GC=F,Gold Futures,4332.7998,146019,4411.0285,-0.4389
2026-09-16,GC=F,Gold Futures,4387.5,249081,4398.2999,1.2625
2026-09-17,GC=F,Gold Futures,4399.7002,169188,4392.6857,0.2781
2026-09-18,GC=F,Gold Futures,4424.8999,142919,4387.5714,0.5728
2026-09-21,GC=F,Gold Futures,4383.8999,138203,4384.2285,-0.9266
2026-09-22,GC=F,Gold Futures,4376.3999,178132,4379.5857,-0.1711
2026-09-23,GC=F,Gold Futures,4318.3999,143873,4374.7999,-1.3253
2026-09-24,GC=F,Gold Futures,4298.0,164814,4369.8285,-0.4724
2026-09-25,GC=F,Gold Futures,4321.2002,140092,4360.3571,0.5398
2026-09-28,GC=F,Gold Futures,4168.3999,140092,4327.3142,-3.5361
2026-09-29,GC=F,Gold Futures,4179.7002,149747,4292.2857,0.2711
2026-09-30,GC=F,Gold Futures,4186.7002,156277,4264.1143,0.1675
2026-10-01,GC=F,Gold Futures,4202.2998,130846,4239.2429,0.3726
2026-10-02,GC=F,Gold Futures,4162.2998,169001,4216.9429,-0.9519
2026-10-05,GC=F,Gold Futures,4156.7998,112195,4196.7714,-0.1321
2026-10-06,GC=F,Gold Futures,4187.1001,121934,4177.6143,0.7289
2026-10-07,GC=F,Gold Futures,4140.7002,163894,4173.6572,-1.1082
2026-10-08,GC=F,Gold Futures,4157.0,148432,4170.4143,0.3936
2026-10-09,GC=F,Gold Futures,4216.2998,148432,4174.6428,1.4265
2026-09-04,^GSPC,S&P 500,7718.6001,4103570000,,
2026-09-08,^GSPC,S&P 500,7673.52,4966930000,,-0.584
2026-09-09,^GSPC,S&P 500,7636.3599,4896940000,,-0.4843
2026-09-10,^GSPC,S&P 500,7591.7002,4893500000,,-0.5848
2026-09-11,^GSPC,S&P 500,7656.98,4722480000,,0.8599
2026-09-14,^GSPC,S&P 500,7619.98,4963750000,,-0.4832
2026-09-15,^GSPC,S&P 500,7585.73,5154930000,7640.41,-0.4495
2026-09-16,^GSPC,S&P 500,7551.8101,5307920000,7616.5829,-0.4472
2026-09-17,^GSPC,S&P 500,7637.7598,5058210000,7611.4743,1.1381
2026-09-18,^GSPC,S&P 500,7650.5,8858350000,7613.4943,0.1668
2026-09-21,^GSPC,S&P 500,7764.7002,4828050000,7638.2086,1.4927
2026-09-22,^GSPC,S&P 500,7764.6401,5286270000,7653.5886,-0.0008
2026-09-23,^GSPC,S&P 500,7706.0298,5110910000,7665.8814,-0.7548
2026-09-24,^GSPC,S&P 500,7704.1299,5316390000,7682.7957,-0.0247
2026-09-25,^GSPC,S&P 500,7743.4102,4499180000,7710.1671,0.5099
2026-09-28,^GSPC,S&P 500,7683.6899,5129710000,7716.7286,-0.7712
2026-09-29,^GSPC,S&P 500,7670.8398,5023590000,7719.6343,-0.1672
2026-09-30,^GSPC,S&P 500,7651.54,4276550000,7703.4685,-0.2516
2026-10-01,^GSPC,S&P 500,7666.4502,5783800000,7689.4414,0.1949
2026-10-02,^GSPC,S&P 500,7722.7202,5277430000,7691.8258,0.734
2026-10-05,^GSPC,S&P 500,7773.9502,5840900000,7701.8001,0.6634
2026-10-06,^GSPC,S&P 500,7818.9302,5019650000,7712.5887,0.5786
2026-10-07,^GSPC,S&P 500,7801.77,5111150000,7729.4572,-0.2195
2026-10-08,^GSPC,S&P 500,7765.3599,6082070000,7742.9601,-0.4667
2026-10-09,^GSPC,S&P 500,7811.54,4782640000,7765.8172,0.5947
